DOI	
10.18653/v1/2020.findings-emnlp.372	388
10.18653/v1/2020.findings-emnlp.139	151
10.18653/v1/2020.findings-emnlp.171	132
10.18653/v1/2020.findings-emnlp.217	118
10.18653/v1/2020.findings-emnlp.117	96
10.18653/v1/2020.findings-emnlp.63	80
10.18653/v1/2020.findings-emnlp.92	72
10.18653/v1/2020.findings-emnlp.58	71
10.18653/v1/2020.findings-emnlp.196	66
10.18653/v1/2020.findings-emnlp.17	64
10.18653/v1/2020.findings-emnlp.301	60
10.18653/v1/2020.findings-emnlp.165	57
10.18653/v1/2020.findings-emnlp.232	53
10.18653/v1/2020.findings-emnlp.261	53
10.18653/v1/2020.findings-emnlp.292	46
10.18653/v1/2020.findings-emnlp.445	46
10.18653/v1/2020.findings-emnlp.91	41
10.18653/v1/2020.findings-emnlp.147	41
10.18653/v1/2020.findings-emnlp.71	40
10.18653/v1/2020.findings-emnlp.106	38
10.18653/v1/2020.findings-emnlp.148	36
10.18653/v1/2020.findings-emnlp.414	36
10.18653/v1/2020.findings-emnlp.49	34
10.18653/v1/2020.findings-emnlp.7	32
10.18653/v1/2020.findings-emnlp.425	31
10.18653/v1/2020.findings-emnlp.428	30
10.18653/v1/2020.findings-emnlp.291	29
10.18653/v1/2020.findings-emnlp.65	27
10.18653/v1/2020.findings-emnlp.195	27
10.18653/v1/2020.findings-emnlp.19	26
10.18653/v1/2020.findings-emnlp.125	26
10.18653/v1/2020.findings-emnlp.369	26
10.18653/v1/2020.findings-emnlp.399	26
10.18653/v1/2020.findings-emnlp.438	25
10.18653/v1/2020.findings-emnlp.27	23
10.18653/v1/2020.findings-emnlp.207	23
10.18653/v1/2020.findings-emnlp.314	22
10.18653/v1/2020.findings-emnlp.224	21
10.18653/v1/2020.findings-emnlp.22	20
10.18653/v1/2020.findings-emnlp.107	20
10.18653/v1/2020.findings-emnlp.440	19
10.18653/v1/2020.findings-emnlp.283	18
10.18653/v1/2020.findings-emnlp.341	18
10.18653/v1/2020.findings-emnlp.398	18
10.18653/v1/2020.findings-emnlp.128	17
10.18653/v1/2020.findings-emnlp.219	17
10.18653/v1/2020.findings-emnlp.89	16
10.18653/v1/2020.findings-emnlp.134	16
10.18653/v1/2020.findings-emnlp.168	16
10.18653/v1/2020.findings-emnlp.225	16
10.18653/v1/2020.findings-emnlp.240	16
10.18653/v1/2020.findings-emnlp.272	16
10.18653/v1/2020.findings-emnlp.307	16
10.18653/v1/2020.findings-emnlp.309	16
10.18653/v1/2020.findings-emnlp.360	16
10.18653/v1/2020.findings-emnlp.41	15
10.18653/v1/2020.findings-emnlp.90	15
10.18653/v1/2020.findings-emnlp.153	15
10.18653/v1/2020.findings-emnlp.298	15
10.18653/v1/2020.findings-emnlp.346	15
10.18653/v1/2020.findings-emnlp.378	15
10.18653/v1/2020.findings-emnlp.387	15
10.18653/v1/2020.findings-emnlp.390	15
10.18653/v1/2020.findings-emnlp.68	14
10.18653/v1/2020.findings-emnlp.150	14
10.18653/v1/2020.findings-emnlp.163	14
10.18653/v1/2020.findings-emnlp.180	14
10.18653/v1/2020.findings-emnlp.203	14
10.18653/v1/2020.findings-emnlp.234	14
10.18653/v1/2020.findings-emnlp.1	13
10.18653/v1/2020.findings-emnlp.3	13
10.18653/v1/2020.findings-emnlp.73	13
10.18653/v1/2020.findings-emnlp.111	13
10.18653/v1/2020.findings-emnlp.157	13
10.18653/v1/2020.findings-emnlp.308	13
10.18653/v1/2020.findings-emnlp.311	13
10.18653/v1/2020.findings-emnlp.371	13
10.18653/v1/2020.findings-emnlp.418	13
10.18653/v1/2020.findings-emnlp.39	12
10.18653/v1/2020.findings-emnlp.43	12
10.18653/v1/2020.findings-emnlp.123	12
10.18653/v1/2020.findings-emnlp.211	12
10.18653/v1/2020.findings-emnlp.322	12
10.18653/v1/2020.findings-emnlp.326	12
10.18653/v1/2020.findings-emnlp.334	12
10.18653/v1/2020.findings-emnlp.394	12
10.18653/v1/2020.findings-emnlp.415	12
10.18653/v1/2020.findings-emnlp.424	12
10.18653/v1/2020.findings-emnlp.44	11
10.18653/v1/2020.findings-emnlp.102	11
10.18653/v1/2020.findings-emnlp.178	11
10.18653/v1/2020.findings-emnlp.206	11
10.18653/v1/2020.findings-emnlp.209	11
10.18653/v1/2020.findings-emnlp.215	11
10.18653/v1/2020.findings-emnlp.405	11
10.18653/v1/2020.findings-emnlp.30	10
10.18653/v1/2020.findings-emnlp.112	10
10.18653/v1/2020.findings-emnlp.118	10
10.18653/v1/2020.findings-emnlp.263	10
10.18653/v1/2020.findings-emnlp.332	10
10.18653/v1/2020.findings-emnlp.352	10
10.18653/v1/2020.findings-emnlp.389	10
10.18653/v1/2020.findings-emnlp.55	9
10.18653/v1/2020.findings-emnlp.76	9
10.18653/v1/2020.findings-emnlp.103	9
10.18653/v1/2020.findings-emnlp.129	9
10.18653/v1/2020.findings-emnlp.145	9
10.18653/v1/2020.findings-emnlp.213	9
10.18653/v1/2020.findings-emnlp.230	9
10.18653/v1/2020.findings-emnlp.286	9
10.18653/v1/2020.findings-emnlp.288	9
10.18653/v1/2020.findings-emnlp.295	9
10.18653/v1/2020.findings-emnlp.296	9
10.18653/v1/2020.findings-emnlp.303	9
10.18653/v1/2020.findings-emnlp.349	9
10.18653/v1/2020.findings-emnlp.439	9
10.18653/v1/2020.findings-emnlp.24	8
10.18653/v1/2020.findings-emnlp.29	8
10.18653/v1/2020.findings-emnlp.72	8
10.18653/v1/2020.findings-emnlp.99	8
10.18653/v1/2020.findings-emnlp.151	8
10.18653/v1/2020.findings-emnlp.253	8
10.18653/v1/2020.findings-emnlp.255	8
10.18653/v1/2020.findings-emnlp.260	8
10.18653/v1/2020.findings-emnlp.294	8
10.18653/v1/2020.findings-emnlp.364	8
10.18653/v1/2020.findings-emnlp.417	8
10.18653/v1/2020.findings-emnlp.4	7
10.18653/v1/2020.findings-emnlp.11	7
10.18653/v1/2020.findings-emnlp.34	7
10.18653/v1/2020.findings-emnlp.42	7
10.18653/v1/2020.findings-emnlp.45	7
10.18653/v1/2020.findings-emnlp.62	7
10.18653/v1/2020.findings-emnlp.66	7
10.18653/v1/2020.findings-emnlp.80	7
10.18653/v1/2020.findings-emnlp.114	7
10.18653/v1/2020.findings-emnlp.156	7
10.18653/v1/2020.findings-emnlp.227	7
10.18653/v1/2020.findings-emnlp.264	7
10.18653/v1/2020.findings-emnlp.267	7
10.18653/v1/2020.findings-emnlp.335	7
10.18653/v1/2020.findings-emnlp.342	7
10.18653/v1/2020.findings-emnlp.347	7
10.18653/v1/2020.findings-emnlp.354	7
10.18653/v1/2020.findings-emnlp.363	7
10.18653/v1/2020.findings-emnlp.407	7
10.18653/v1/2020.findings-emnlp.9	6
10.18653/v1/2020.findings-emnlp.16	6
10.18653/v1/2020.findings-emnlp.47	6
10.18653/v1/2020.findings-emnlp.54	6
10.18653/v1/2020.findings-emnlp.74	6
10.18653/v1/2020.findings-emnlp.81	6
10.18653/v1/2020.findings-emnlp.83	6
10.18653/v1/2020.findings-emnlp.84	6
10.18653/v1/2020.findings-emnlp.104	6
10.18653/v1/2020.findings-emnlp.133	6
10.18653/v1/2020.findings-emnlp.170	6
10.18653/v1/2020.findings-emnlp.174	6
10.18653/v1/2020.findings-emnlp.244	6
10.18653/v1/2020.findings-emnlp.300	6
10.18653/v1/2020.findings-emnlp.310	6
10.18653/v1/2020.findings-emnlp.337	6
10.18653/v1/2020.findings-emnlp.373	6
10.18653/v1/2020.findings-emnlp.397	6
10.18653/v1/2020.findings-emnlp.6	5
10.18653/v1/2020.findings-emnlp.8	5
10.18653/v1/2020.findings-emnlp.23	5
10.18653/v1/2020.findings-emnlp.32	5
10.18653/v1/2020.findings-emnlp.46	5
10.18653/v1/2020.findings-emnlp.70	5
10.18653/v1/2020.findings-emnlp.82	5
10.18653/v1/2020.findings-emnlp.108	5
10.18653/v1/2020.findings-emnlp.109	5
10.18653/v1/2020.findings-emnlp.127	5
10.18653/v1/2020.findings-emnlp.161	5
10.18653/v1/2020.findings-emnlp.184	5
10.18653/v1/2020.findings-emnlp.186	5
10.18653/v1/2020.findings-emnlp.199	5
10.18653/v1/2020.findings-emnlp.223	5
10.18653/v1/2020.findings-emnlp.239	5
10.18653/v1/2020.findings-emnlp.278	5
10.18653/v1/2020.findings-emnlp.280	5
10.18653/v1/2020.findings-emnlp.282	5
10.18653/v1/2020.findings-emnlp.316	5
10.18653/v1/2020.findings-emnlp.323	5
10.18653/v1/2020.findings-emnlp.333	5
10.18653/v1/2020.findings-emnlp.345	5
10.18653/v1/2020.findings-emnlp.348	5
10.18653/v1/2020.findings-emnlp.370	5
10.18653/v1/2020.findings-emnlp.381	5
10.18653/v1/2020.findings-emnlp.409	5
10.18653/v1/2020.findings-emnlp.432	5
10.18653/v1/2020.findings-emnlp.2	4
10.18653/v1/2020.findings-emnlp.18	4
10.18653/v1/2020.findings-emnlp.33	4
10.18653/v1/2020.findings-emnlp.51	4
10.18653/v1/2020.findings-emnlp.67	4
10.18653/v1/2020.findings-emnlp.110	4
10.18653/v1/2020.findings-emnlp.115	4
10.18653/v1/2020.findings-emnlp.122	4
10.18653/v1/2020.findings-emnlp.131	4
10.18653/v1/2020.findings-emnlp.138	4
10.18653/v1/2020.findings-emnlp.141	4
10.18653/v1/2020.findings-emnlp.152	4
10.18653/v1/2020.findings-emnlp.167	4
10.18653/v1/2020.findings-emnlp.176	4
10.18653/v1/2020.findings-emnlp.190	4
10.18653/v1/2020.findings-emnlp.194	4
10.18653/v1/2020.findings-emnlp.212	4
10.18653/v1/2020.findings-emnlp.222	4
10.18653/v1/2020.findings-emnlp.245	4
10.18653/v1/2020.findings-emnlp.249	4
10.18653/v1/2020.findings-emnlp.252	4
10.18653/v1/2020.findings-emnlp.268	4
10.18653/v1/2020.findings-emnlp.269	4
10.18653/v1/2020.findings-emnlp.289	4
10.18653/v1/2020.findings-emnlp.290	4
10.18653/v1/2020.findings-emnlp.329	4
10.18653/v1/2020.findings-emnlp.356	4
10.18653/v1/2020.findings-emnlp.365	4
10.18653/v1/2020.findings-emnlp.384	4
10.18653/v1/2020.findings-emnlp.391	4
10.18653/v1/2020.findings-emnlp.402	4
10.18653/v1/2020.findings-emnlp.412	4
10.18653/v1/2020.findings-emnlp.427	4
10.18653/v1/2020.findings-emnlp.441	4
10.18653/v1/2020.findings-emnlp.25	3
10.18653/v1/2020.findings-emnlp.48	3
10.18653/v1/2020.findings-emnlp.50	3
10.18653/v1/2020.findings-emnlp.97	3
10.18653/v1/2020.findings-emnlp.116	3
10.18653/v1/2020.findings-emnlp.121	3
10.18653/v1/2020.findings-emnlp.136	3
10.18653/v1/2020.findings-emnlp.140	3
10.18653/v1/2020.findings-emnlp.187	3
10.18653/v1/2020.findings-emnlp.192	3
10.18653/v1/2020.findings-emnlp.216	3
10.18653/v1/2020.findings-emnlp.218	3
10.18653/v1/2020.findings-emnlp.228	3
10.18653/v1/2020.findings-emnlp.238	3
10.18653/v1/2020.findings-emnlp.248	3
10.18653/v1/2020.findings-emnlp.305	3
10.18653/v1/2020.findings-emnlp.317	3
10.18653/v1/2020.findings-emnlp.318	3
10.18653/v1/2020.findings-emnlp.340	3
10.18653/v1/2020.findings-emnlp.344	3
10.18653/v1/2020.findings-emnlp.350	3
10.18653/v1/2020.findings-emnlp.358	3
10.18653/v1/2020.findings-emnlp.379	3
10.18653/v1/2020.findings-emnlp.380	3
10.18653/v1/2020.findings-emnlp.382	3
10.18653/v1/2020.findings-emnlp.395	3
10.18653/v1/2020.findings-emnlp.396	3
10.18653/v1/2020.findings-emnlp.416	3
10.18653/v1/2020.findings-emnlp.433	3
10.18653/v1/2020.findings-emnlp.435	3
10.18653/v1/2020.findings-emnlp.437	3
10.18653/v1/2020.findings-emnlp.446	3
10.18653/v1/2020.findings-emnlp.40	2
10.18653/v1/2020.findings-emnlp.52	2
10.18653/v1/2020.findings-emnlp.64	2
10.18653/v1/2020.findings-emnlp.75	2
10.18653/v1/2020.findings-emnlp.77	2
10.18653/v1/2020.findings-emnlp.78	2
10.18653/v1/2020.findings-emnlp.85	2
10.18653/v1/2020.findings-emnlp.86	2
10.18653/v1/2020.findings-emnlp.88	2
10.18653/v1/2020.findings-emnlp.93	2
10.18653/v1/2020.findings-emnlp.95	2
10.18653/v1/2020.findings-emnlp.98	2
10.18653/v1/2020.findings-emnlp.101	2
10.18653/v1/2020.findings-emnlp.105	2
10.18653/v1/2020.findings-emnlp.120	2
10.18653/v1/2020.findings-emnlp.124	2
10.18653/v1/2020.findings-emnlp.154	2
10.18653/v1/2020.findings-emnlp.158	2
10.18653/v1/2020.findings-emnlp.166	2
10.18653/v1/2020.findings-emnlp.172	2
10.18653/v1/2020.findings-emnlp.173	2
10.18653/v1/2020.findings-emnlp.179	2
10.18653/v1/2020.findings-emnlp.181	2
10.18653/v1/2020.findings-emnlp.193	2
10.18653/v1/2020.findings-emnlp.197	2
10.18653/v1/2020.findings-emnlp.202	2
10.18653/v1/2020.findings-emnlp.204	2
10.18653/v1/2020.findings-emnlp.210	2
10.18653/v1/2020.findings-emnlp.214	2
10.18653/v1/2020.findings-emnlp.229	2
10.18653/v1/2020.findings-emnlp.235	2
10.18653/v1/2020.findings-emnlp.236	2
10.18653/v1/2020.findings-emnlp.241	2
10.18653/v1/2020.findings-emnlp.242	2
10.18653/v1/2020.findings-emnlp.247	2
10.18653/v1/2020.findings-emnlp.250	2
10.18653/v1/2020.findings-emnlp.254	2
10.18653/v1/2020.findings-emnlp.256	2
10.18653/v1/2020.findings-emnlp.262	2
10.18653/v1/2020.findings-emnlp.266	2
10.18653/v1/2020.findings-emnlp.271	2
10.18653/v1/2020.findings-emnlp.274	2
10.18653/v1/2020.findings-emnlp.276	2
10.18653/v1/2020.findings-emnlp.277	2
10.18653/v1/2020.findings-emnlp.281	2
10.18653/v1/2020.findings-emnlp.287	2
10.18653/v1/2020.findings-emnlp.293	2
10.18653/v1/2020.findings-emnlp.299	2
10.18653/v1/2020.findings-emnlp.304	2
10.18653/v1/2020.findings-emnlp.320	2
10.18653/v1/2020.findings-emnlp.321	2
10.18653/v1/2020.findings-emnlp.327	2
10.18653/v1/2020.findings-emnlp.339	2
10.18653/v1/2020.findings-emnlp.366	2
10.18653/v1/2020.findings-emnlp.383	2
10.18653/v1/2020.findings-emnlp.386	2
10.18653/v1/2020.findings-emnlp.393	2
10.18653/v1/2020.findings-emnlp.400	2
10.18653/v1/2020.findings-emnlp.410	2
10.18653/v1/2020.findings-emnlp.411	2
10.18653/v1/2020.findings-emnlp.419	2
10.18653/v1/2020.findings-emnlp.423	2
10.18653/v1/2020.findings-emnlp.429	2
10.18653/v1/2020.findings-emnlp.442	2
10.18653/v1/2020.findings-emnlp.447	2
10.18653/v1/2020.findings-emnlp.13	1
10.18653/v1/2020.findings-emnlp.20	1
10.18653/v1/2020.findings-emnlp.26	1
10.18653/v1/2020.findings-emnlp.28	1
10.18653/v1/2020.findings-emnlp.31	1
10.18653/v1/2020.findings-emnlp.36	1
10.18653/v1/2020.findings-emnlp.38	1
10.18653/v1/2020.findings-emnlp.56	1
10.18653/v1/2020.findings-emnlp.57	1
10.18653/v1/2020.findings-emnlp.87	1
10.18653/v1/2020.findings-emnlp.94	1
10.18653/v1/2020.findings-emnlp.96	1
10.18653/v1/2020.findings-emnlp.100	1
10.18653/v1/2020.findings-emnlp.113	1
10.18653/v1/2020.findings-emnlp.119	1
10.18653/v1/2020.findings-emnlp.126	1
10.18653/v1/2020.findings-emnlp.130	1
10.18653/v1/2020.findings-emnlp.137	1
10.18653/v1/2020.findings-emnlp.144	1
10.18653/v1/2020.findings-emnlp.175	1
10.18653/v1/2020.findings-emnlp.182	1
10.18653/v1/2020.findings-emnlp.183	1
10.18653/v1/2020.findings-emnlp.208	1
10.18653/v1/2020.findings-emnlp.221	1
10.18653/v1/2020.findings-emnlp.226	1
10.18653/v1/2020.findings-emnlp.231	1
10.18653/v1/2020.findings-emnlp.233	1
10.18653/v1/2020.findings-emnlp.243	1
10.18653/v1/2020.findings-emnlp.251	1
10.18653/v1/2020.findings-emnlp.258	1
10.18653/v1/2020.findings-emnlp.265	1
10.18653/v1/2020.findings-emnlp.273	1
10.18653/v1/2020.findings-emnlp.275	1
10.18653/v1/2020.findings-emnlp.306	1
10.18653/v1/2020.findings-emnlp.313	1
10.18653/v1/2020.findings-emnlp.319	1
10.18653/v1/2020.findings-emnlp.325	1
10.18653/v1/2020.findings-emnlp.328	1
10.18653/v1/2020.findings-emnlp.330	1
10.18653/v1/2020.findings-emnlp.331	1
10.18653/v1/2020.findings-emnlp.336	1
10.18653/v1/2020.findings-emnlp.338	1
10.18653/v1/2020.findings-emnlp.351	1
10.18653/v1/2020.findings-emnlp.353	1
10.18653/v1/2020.findings-emnlp.355	1
10.18653/v1/2020.findings-emnlp.359	1
10.18653/v1/2020.findings-emnlp.361	1
10.18653/v1/2020.findings-emnlp.368	1
10.18653/v1/2020.findings-emnlp.377	1
10.18653/v1/2020.findings-emnlp.385	1
10.18653/v1/2020.findings-emnlp.403	1
10.18653/v1/2020.findings-emnlp.404	1
10.18653/v1/2020.findings-emnlp.408	1
10.18653/v1/2020.findings-emnlp.413	1
10.18653/v1/2020.findings-emnlp.422	1
10.18653/v1/2020.findings-emnlp.426	1
10.18653/v1/2020.findings-emnlp.431	1
10.18653/v1/2020.findings-emnlp.434	1
10.18653/v1/2020.findings-emnlp.436	1
10.18653/v1/2020.findings-emnlp.444	1
10.18653/v1/2020.findings-emnlp.5	0
10.18653/v1/2020.findings-emnlp.10	0
10.18653/v1/2020.findings-emnlp.12	0
10.18653/v1/2020.findings-emnlp.14	0
10.18653/v1/2020.findings-emnlp.15	0
10.18653/v1/2020.findings-emnlp.21	0
10.18653/v1/2020.findings-emnlp.35	0
10.18653/v1/2020.findings-emnlp.37	0
10.18653/v1/2020.findings-emnlp.53	0
10.18653/v1/2020.findings-emnlp.59	0
10.18653/v1/2020.findings-emnlp.60	0
10.18653/v1/2020.findings-emnlp.61	0
10.18653/v1/2020.findings-emnlp.69	0
10.18653/v1/2020.findings-emnlp.79	0
10.18653/v1/2020.findings-emnlp.132	0
10.18653/v1/2020.findings-emnlp.135	0
10.18653/v1/2020.findings-emnlp.142	0
10.18653/v1/2020.findings-emnlp.143	0
10.18653/v1/2020.findings-emnlp.146	0
10.18653/v1/2020.findings-emnlp.149	0
10.18653/v1/2020.findings-emnlp.155	0
10.18653/v1/2020.findings-emnlp.159	0
10.18653/v1/2020.findings-emnlp.160	0
10.18653/v1/2020.findings-emnlp.162	0
10.18653/v1/2020.findings-emnlp.164	0
10.18653/v1/2020.findings-emnlp.169	0
10.18653/v1/2020.findings-emnlp.177	0
10.18653/v1/2020.findings-emnlp.185	0
10.18653/v1/2020.findings-emnlp.188	0
10.18653/v1/2020.findings-emnlp.189	0
10.18653/v1/2020.findings-emnlp.191	0
10.18653/v1/2020.findings-emnlp.198	0
10.18653/v1/2020.findings-emnlp.200	0
10.18653/v1/2020.findings-emnlp.201	0
10.18653/v1/2020.findings-emnlp.205	0
10.18653/v1/2020.findings-emnlp.220	0
10.18653/v1/2020.findings-emnlp.237	0
10.18653/v1/2020.findings-emnlp.246	0
10.18653/v1/2020.findings-emnlp.257	0
10.18653/v1/2020.findings-emnlp.259	0
10.18653/v1/2020.findings-emnlp.270	0
10.18653/v1/2020.findings-emnlp.279	0
10.18653/v1/2020.findings-emnlp.284	0
10.18653/v1/2020.findings-emnlp.285	0
10.18653/v1/2020.findings-emnlp.297	0
10.18653/v1/2020.findings-emnlp.302	0
10.18653/v1/2020.findings-emnlp.312	0
10.18653/v1/2020.findings-emnlp.315	0
10.18653/v1/2020.findings-emnlp.324	0
10.18653/v1/2020.findings-emnlp.343	0
10.18653/v1/2020.findings-emnlp.357	0
10.18653/v1/2020.findings-emnlp.362	0
10.18653/v1/2020.findings-emnlp.367	0
10.18653/v1/2020.findings-emnlp.374	0
10.18653/v1/2020.findings-emnlp.375	0
10.18653/v1/2020.findings-emnlp.376	0
10.18653/v1/2020.findings-emnlp.388	0
10.18653/v1/2020.findings-emnlp.392	0
10.18653/v1/2020.findings-emnlp.401	0
10.18653/v1/2020.findings-emnlp.406	0
10.18653/v1/2020.findings-emnlp.420	0
10.18653/v1/2020.findings-emnlp.421	0
10.18653/v1/2020.findings-emnlp.430	0
10.18653/v1/2020.findings-emnlp.443	0